<?xml version="1.0" encoding="utf-8" ?>
<rss version="2.0">
    <channel>
        <title><![CDATA[속보 - 이티뉴스]]></title>
        <link>https://www.etnews.com</link>
        <description><![CDATA[대한민국 IT포털의 중심! 이티뉴스]]></description>
        <language>ko</language>
        <pubDate>Thu, 29 Jul 2021 17:30:41 +0900</pubDate>
        <lastBuildDate>Thu, 29 Jul 2021 17:30:41 +0900</lastBuildDate>
        <image>
            <title><![CDATA[속보 - 이티뉴스]]></title>
            <url>https://img.etnews.com/Et_2010/images/top/logo_sub.jpg</url>
            <link>https://www.etnews.com</link>
            <description></description>
        </image>
        <item>
            <title><![CDATA[[포토]손연정, 정확한 티샷]]></title>
            <link>https://www.etnews.com/20210729000327</link>
            <description><![CDATA[[제주 서귀포=전자신문 손진현 기자] 2021 KLPGA 투어 열다섯 번째 대회이자 상반기 마지막 대회인 제주삼다수 마스터스(총상금 9억 원, 우승상금 1억 6,200만원)가 제주도 서귀포시에 위치한 우리들 골프&리조트(...]]></description>
            <author><![CDATA[손진현]]></author>
            <guid>20210729000327</guid>
            <comments>https://www.etnews.com/20210729000327</comments>
            <pubDate>Thu, 29 Jul 2021 17:27:00 +0900</pubDate>
        </item>
        <item>
            <title><![CDATA[주연테크, 우즈벡 교육정보화 사업에 PC 1만5000대 납품]]></title>
            <link>https://www.etnews.com/20210729000326</link>
            <description><![CDATA[주연테크는 KT와 우즈베키스탄 교육정보화 사업 관련 63억원 규모 PC 공급 계약을 체결했다고 29일 밝혔다. 이번 추가 PC공급 계약 수량은 1만5000여 대로, 총 63억4000만원 규모다. 지난해 매출 626억606만원의 10....]]></description>
            <author><![CDATA[정용철]]></author>
            <guid>20210729000326</guid>
            <comments>https://www.etnews.com/20210729000326</comments>
            <pubDate>Thu, 29 Jul 2021 17:26:00 +0900</pubDate>
        </item>
        <item>
            <title><![CDATA[코웨이, 얼음정수기 렌털료 할인 프로모션]]></title>
            <link>https://www.etnews.com/20210729000325</link>
            <description><![CDATA[코웨이가 여름을 맞아 8월까지 얼음정수기 렌털료 할인 프로모션을 진행한다고 29일 밝혔다. 코웨이는 연일 무더위가 지속되는 가운데 얼음정수기를 찾는 소비자들이 합리적인 비용으로 코웨이 얼음정수기를 마련할...]]></description>
            <author><![CDATA[권건호]]></author>
            <guid>20210729000325</guid>
            <comments>https://www.etnews.com/20210729000325</comments>
            <pubDate>Thu, 29 Jul 2021 17:26:00 +0900</pubDate>
        </item>
        <item>
            <title><![CDATA[[포토]손연정, 귀엽게 인사해요]]></title>
            <link>https://www.etnews.com/20210729000324</link>
            <description><![CDATA[[제주 서귀포=전자신문 손진현 기자] 2021 KLPGA 투어 열다섯 번째 대회이자 상반기 마지막 대회인 제주삼다수 마스터스(총상금 9억 원, 우승상금 1억 6,200만원)가 제주도 서귀포시에 위치한 우리들 골프&리조트(...]]></description>
            <author><![CDATA[손진현]]></author>
            <guid>20210729000324</guid>
            <comments>https://www.etnews.com/20210729000324</comments>
            <pubDate>Thu, 29 Jul 2021 17:25:00 +0900</pubDate>
        </item>
        <item>
            <title><![CDATA[[포토]박민지, 승리의 '브이'로 인사]]></title>
            <link>https://www.etnews.com/20210729000323</link>
            <description><![CDATA[[제주 서귀포=전자신문 손진현 기자] 2021 KLPGA 투어 열다섯 번째 대회이자 상반기 마지막 대회인 제주삼다수 마스터스(총상금 9억 원, 우승상금 1억 6,200만원)가 제주도 서귀포시에 위치한 우리들 골프&리조트(...]]></description>
            <author><![CDATA[손진현]]></author>
            <guid>20210729000323</guid>
            <comments>https://www.etnews.com/20210729000323</comments>
            <pubDate>Thu, 29 Jul 2021 17:24:00 +0900</pubDate>
        </item>
        <item>
            <title><![CDATA[힘펠-현대H몰 쇼핑라이브, 프리미엄 욕실 환기가전 '휴젠뜨' 선봬]]></title>
            <link>https://www.etnews.com/20210729000321</link>
            <description><![CDATA[힘펠(대표 김정환)이 29일 오후 4시부터 현대홈쇼핑 공식 온라인몰 현대H몰 쇼핑라이브를 통해 프리미엄 욕실 환기가전 휴젠뜨 라이브 방송을 진행한다. 힘펠은 고온 다습한 여름철 날씨로 인한 각종 세균, 곰팡...]]></description>
            <author><![CDATA[박소라]]></author>
            <guid>20210729000321</guid>
            <comments>https://www.etnews.com/20210729000321</comments>
            <pubDate>Thu, 29 Jul 2021 17:24:00 +0900</pubDate>
        </item>
        <item>
            <title><![CDATA[[포토]박민지, 제주도에도 우승할 거에요]]></title>
            <link>https://www.etnews.com/20210729000320</link>
            <description><![CDATA[[제주 서귀포=전자신문 손진현 기자] 2021 KLPGA 투어 열다섯 번째 대회이자 상반기 마지막 대회인 제주삼다수 마스터스(총상금 9억 원, 우승상금 1억 6,200만원)가 제주도 서귀포시에 위치한 우리들 골프&리조트(...]]></description>
            <author><![CDATA[손진현]]></author>
            <guid>20210729000320</guid>
            <comments>https://www.etnews.com/20210729000320</comments>
            <pubDate>Thu, 29 Jul 2021 17:23:00 +0900</pubDate>
        </item>
        <item>
            <title><![CDATA[[포토]한진선, 첫 티샷 느낌 좋아요]]></title>
            <link>https://www.etnews.com/20210729000319</link>
            <description><![CDATA[[제주 서귀포=전자신문 손진현 기자] 2021 KLPGA 투어 열다섯 번째 대회이자 상반기 마지막 대회인 제주삼다수 마스터스(총상금 9억 원, 우승상금 1억 6,200만원)가 제주도 서귀포시에 위치한 우리들 골프&리조트(...]]></description>
            <author><![CDATA[손진현]]></author>
            <guid>20210729000319</guid>
            <comments>https://www.etnews.com/20210729000319</comments>
            <pubDate>Thu, 29 Jul 2021 17:19:00 +0900</pubDate>
        </item>
        <item>
            <title><![CDATA[[포토]한진선, 선두권으로 향하는 티샷]]></title>
            <link>https://www.etnews.com/20210729000318</link>
            <description><![CDATA[[제주 서귀포=전자신문 손진현 기자] 2021 KLPGA 투어 열다섯 번째 대회이자 상반기 마지막 대회인 제주삼다수 마스터스(총상금 9억 원, 우승상금 1억 6,200만원)가 제주도 서귀포시에 위치한 우리들 골프&리조트(...]]></description>
            <author><![CDATA[손진현]]></author>
            <guid>20210729000318</guid>
            <comments>https://www.etnews.com/20210729000318</comments>
            <pubDate>Thu, 29 Jul 2021 17:17:00 +0900</pubDate>
        </item>
        <item>
            <title><![CDATA[[포토]한진선, 기분 좋은 미소로]]></title>
            <link>https://www.etnews.com/20210729000317</link>
            <description><![CDATA[[제주 서귀포=전자신문 손진현 기자] 2021 KLPGA 투어 열다섯 번째 대회이자 상반기 마지막 대회인 제주삼다수 마스터스(총상금 9억 원, 우승상금 1억 6,200만원)가 제주도 서귀포시에 위치한 우리들 골프&리조트(...]]></description>
            <author><![CDATA[손진현]]></author>
            <guid>20210729000317</guid>
            <comments>https://www.etnews.com/20210729000317</comments>
            <pubDate>Thu, 29 Jul 2021 17:16:00 +0900</pubDate>
        </item>
        <item>
            <title><![CDATA[[포토]한진선, 오늘 느낌 좋아요!]]></title>
            <link>https://www.etnews.com/20210729000316</link>
            <description><![CDATA[[제주 서귀포=전자신문 손진현 기자] 2021 KLPGA 투어 열다섯 번째 대회이자 상반기 마지막 대회인 제주삼다수 마스터스(총상금 9억 원, 우승상금 1억 6,200만원)가 제주도 서귀포시에 위치한 우리들 골프&리조트(...]]></description>
            <author><![CDATA[손진현]]></author>
            <guid>20210729000316</guid>
            <comments>https://www.etnews.com/20210729000316</comments>
            <pubDate>Thu, 29 Jul 2021 17:15:00 +0900</pubDate>
        </item>
        <item>
            <title><![CDATA[[포토]한진선, 버디가 필요해요]]></title>
            <link>https://www.etnews.com/20210729000315</link>
            <description><![CDATA[[제주 서귀포=전자신문 손진현 기자] 2021 KLPGA 투어 열다섯 번째 대회이자 상반기 마지막 대회인 제주삼다수 마스터스(총상금 9억 원, 우승상금 1억 6,200만원)가 제주도 서귀포시에 위치한 우리들 골프&리조트(...]]></description>
            <author><![CDATA[손진현]]></author>
            <guid>20210729000315</guid>
            <comments>https://www.etnews.com/20210729000315</comments>
            <pubDate>Thu, 29 Jul 2021 17:14:00 +0900</pubDate>
        </item>
        <item>
            <title><![CDATA[[포토]이혜정, 우아한 티샷]]></title>
            <link>https://www.etnews.com/20210729000312</link>
            <description><![CDATA[[제주 서귀포=전자신문 손진현 기자] 2021 KLPGA 투어 열다섯 번째 대회이자 상반기 마지막 대회인 제주삼다수 마스터스(총상금 9억 원, 우승상금 1억 6,200만원)가 제주도 서귀포시에 위치한 우리들 골프&리조트(...]]></description>
            <author><![CDATA[손진현]]></author>
            <guid>20210729000312</guid>
            <comments>https://www.etnews.com/20210729000312</comments>
            <pubDate>Thu, 29 Jul 2021 17:12:00 +0900</pubDate>
        </item>
        <item>
            <title><![CDATA[[포토]이혜정, 정확한 어프로치로]]></title>
            <link>https://www.etnews.com/20210729000311</link>
            <description><![CDATA[[제주 서귀포=전자신문 손진현 기자] 2021 KLPGA 투어 열다섯 번째 대회이자 상반기 마지막 대회인 제주삼다수 마스터스(총상금 9억 원, 우승상금 1억 6,200만원)가 제주도 서귀포시에 위치한 우리들 골프&리조트(...]]></description>
            <author><![CDATA[손진현]]></author>
            <guid>20210729000311</guid>
            <comments>https://www.etnews.com/20210729000311</comments>
            <pubDate>Thu, 29 Jul 2021 17:11:00 +0900</pubDate>
        </item>
        <item>
            <title><![CDATA[[포토]한진선-이혜정, 오늘은 맞춤이에요!]]></title>
            <link>https://www.etnews.com/20210729000310</link>
            <description><![CDATA[[제주 서귀포=전자신문 손진현 기자] 2021 KLPGA 투어 열다섯 번째 대회이자 상반기 마지막 대회인 제주삼다수 마스터스(총상금 9억 원, 우승상금 1억 6,200만원)가 제주도 서귀포시에 위치한 우리들 골프&리조트(...]]></description>
            <author><![CDATA[손진현]]></author>
            <guid>20210729000310</guid>
            <comments>https://www.etnews.com/20210729000310</comments>
            <pubDate>Thu, 29 Jul 2021 17:09:00 +0900</pubDate>
        </item>
        <item>
            <title><![CDATA[[포토]김재희, 기분 좋게 전반 마무리]]></title>
            <link>https://www.etnews.com/20210729000309</link>
            <description><![CDATA[[제주 서귀포=전자신문 손진현 기자] 2021 KLPGA 투어 열다섯 번째 대회이자 상반기 마지막 대회인 제주삼다수 마스터스(총상금 9억 원, 우승상금 1억 6,200만원)가 제주도 서귀포시에 위치한 우리들 골프&리조트(...]]></description>
            <author><![CDATA[손진현]]></author>
            <guid>20210729000309</guid>
            <comments>https://www.etnews.com/20210729000309</comments>
            <pubDate>Thu, 29 Jul 2021 17:07:00 +0900</pubDate>
        </item>
        <item>
            <title><![CDATA[[포토]김재희, 캐디 오빠 최고에요!]]></title>
            <link>https://www.etnews.com/20210729000308</link>
            <description><![CDATA[[제주 서귀포=전자신문 손진현 기자] 2021 KLPGA 투어 열다섯 번째 대회이자 상반기 마지막 대회인 제주삼다수 마스터스(총상금 9억 원, 우승상금 1억 6,200만원)가 제주도 서귀포시에 위치한 우리들 골프&리조트(...]]></description>
            <author><![CDATA[손진현]]></author>
            <guid>20210729000308</guid>
            <comments>https://www.etnews.com/20210729000308</comments>
            <pubDate>Thu, 29 Jul 2021 17:06:00 +0900</pubDate>
        </item>
        <item>
            <title><![CDATA[위니아딤채 7월 위니아 에어컨 판매량, 작년 대비 496％ 늘었다]]></title>
            <link>https://www.etnews.com/20210729000307</link>
            <description><![CDATA[위니아딤채는 최근 폭염과 코로나19에 따른 실내활동 증가에 따라 올해 7월 위니아 에어컨 판매량이 지난해 동기 대비 496% 증가했다고 29일 밝혔다. 스탠드 에어컨 판매량은 317% 증가했고, 벽걸이 에어컨은 666%...]]></description>
            <author><![CDATA[박소라]]></author>
            <guid>20210729000307</guid>
            <comments>https://www.etnews.com/20210729000307</comments>
            <pubDate>Thu, 29 Jul 2021 17:06:00 +0900</pubDate>
        </item>
        <item>
            <title><![CDATA[[포토]김재희, 버디 후 발걸음 가볍게]]></title>
            <link>https://www.etnews.com/20210729000306</link>
            <description><![CDATA[[제주 서귀포=전자신문 손진현 기자] 2021 KLPGA 투어 열다섯 번째 대회이자 상반기 마지막 대회인 제주삼다수 마스터스(총상금 9억 원, 우승상금 1억 6,200만원)가 제주도 서귀포시에 위치한 우리들 골프&리조트(...]]></description>
            <author><![CDATA[손진현]]></author>
            <guid>20210729000306</guid>
            <comments>https://www.etnews.com/20210729000306</comments>
            <pubDate>Thu, 29 Jul 2021 17:05:00 +0900</pubDate>
        </item>
        <item>
            <title><![CDATA[[포토]김재희, 가볍게 버디 성공]]></title>
            <link>https://www.etnews.com/20210729000305</link>
            <description><![CDATA[[제주 서귀포=전자신문 손진현 기자] 2021 KLPGA 투어 열다섯 번째 대회이자 상반기 마지막 대회인 제주삼다수 마스터스(총상금 9억 원, 우승상금 1억 6,200만원)가 제주도 서귀포시에 위치한 우리들 골프&리조트(...]]></description>
            <author><![CDATA[손진현]]></author>
            <guid>20210729000305</guid>
            <comments>https://www.etnews.com/20210729000305</comments>
            <pubDate>Thu, 29 Jul 2021 17:03:00 +0900</pubDate>
        </item>
        <item>
            <title><![CDATA['비연소의 과학' 패러다임 바꾼다...담배 업계도 '동참']]></title>
            <link>https://www.etnews.com/20210729000304</link>
            <description><![CDATA[최근 비연소 제품이 산업계 화두로 떠올랐다. 자동차 업계의 친환경 모빌리티 혁명부터 제조·석유화학업계의 탈석탄 선언에 나섰고 담배업계도 비연소 제품을 미래먹거리로 낙점하고 강화에 나섰다. 일반적으로...]]></description>
            <author><![CDATA[박효주]]></author>
            <guid>20210729000304</guid>
            <comments>https://www.etnews.com/20210729000304</comments>
            <pubDate>Thu, 29 Jul 2021 17:03:00 +0900</pubDate>
        </item>
        <item>
            <title><![CDATA[[포토]김재희, 오늘은 새로운 캐디와 함께]]></title>
            <link>https://www.etnews.com/20210729000303</link>
            <description><![CDATA[[제주 서귀포=전자신문 손진현 기자] 2021 KLPGA 투어 열다섯 번째 대회이자 상반기 마지막 대회인 제주삼다수 마스터스(총상금 9억 원, 우승상금 1억 6,200만원)가 제주도 서귀포시에 위치한 우리들 골프&리조트(...]]></description>
            <author><![CDATA[손진현]]></author>
            <guid>20210729000303</guid>
            <comments>https://www.etnews.com/20210729000303</comments>
            <pubDate>Thu, 29 Jul 2021 17:01:00 +0900</pubDate>
        </item>
        <item>
            <title><![CDATA[[포토]배소현, 옆으로 봐야 잘 보여요]]></title>
            <link>https://www.etnews.com/20210729000301</link>
            <description><![CDATA[[제주 서귀포=전자신문 손진현 기자] 2021 KLPGA 투어 열다섯 번째 대회이자 상반기 마지막 대회인 제주삼다수 마스터스(총상금 9억 원, 우승상금 1억 6,200만원)가 제주도 서귀포시에 위치한 우리들 골프&리조트(...]]></description>
            <author><![CDATA[손진현]]></author>
            <guid>20210729000301</guid>
            <comments>https://www.etnews.com/20210729000301</comments>
            <pubDate>Thu, 29 Jul 2021 17:00:00 +0900</pubDate>
        </item>
        <item>
            <title><![CDATA[[이슈분석]LG전자, 가전·전장 쌍끌이 성장..연간 최대 실적 예고]]></title>
            <link>https://www.etnews.com/20210729000252</link>
            <description><![CDATA[1분기 사상 최대 실적을 기록한 LG전자는 2분기에도 신기록 행진을 이어갔다. 사상 첫 2분기 연속 영업이익 1조원을 기록한데 이어 매출은 역대 2분기 중 최대치를 보였다. 상반기 기준으로는 매출액과 영업이익 모...]]></description>
            <author><![CDATA[정용철]]></author>
            <guid>20210729000252</guid>
            <comments>https://www.etnews.com/20210729000252</comments>
            <pubDate>Thu, 29 Jul 2021 17:00:00 +0900</pubDate>
        </item>
        <item>
            <title><![CDATA[[삼성전자 실적] 실적 상승 흐름 올라탄 2분기…하반기도 상승 지속]]></title>
            <link>https://www.etnews.com/20210729000228</link>
            <description><![CDATA[삼성전자는 2분기 사상 최대 매출과 12조원이 넘는 영업이익을 기록하며 시장 기대치를 뛰어넘었다. 반도체와 세트 사업 모두 상승 흐름에 올라타서 한동안 실적 상승이 이어질 것으로 보인다. 다만 부품 공급 차질...]]></description>
            <author><![CDATA[권동준]]></author>
            <guid>20210729000228</guid>
            <comments>https://www.etnews.com/20210729000228</comments>
            <pubDate>Thu, 29 Jul 2021 17:00:00 +0900</pubDate>
        </item>
        <item>
            <title><![CDATA[삼성-LG 실적 도비라]]></title>
            <link>https://www.etnews.com/20210729000219</link>
            <description><![CDATA[삼성전자와 LG전자가 나란히 역대 최고 수준의 2분기 실적표를 공개했다. 삼성전자는 반도체 슈퍼사이클 효과가 시작되면서 실적 상승 흐름이 시작됐는데, 이 효과는 하반기에도 지속될 것으로 예상된다. 최신 폴더...]]></description>
            <author><![CDATA[권건호]]></author>
            <guid>20210729000219</guid>
            <comments>https://www.etnews.com/20210729000219</comments>
            <pubDate>Thu, 29 Jul 2021 17:00:00 +0900</pubDate>
        </item>
        <item>
            <title><![CDATA[[상장기업 분석] 첨단 반도체 패키징 기술 무장 '네패스']]></title>
            <link>https://www.etnews.com/20210729000082</link>
            <description><![CDATA[네패스는 우리나라의 대표 반도체 후공정(OSAT) 기업이다. 반도체 제조는 웨이퍼에 회로 패턴을 그려 반도체 다이를 만드는 전공정과 다이를 테스트하고 패키징해 칩으로 만드는 후공정으로 나뉜다. 전공정은 초미세...]]></description>
            <author><![CDATA[권동준]]></author>
            <guid>20210729000082</guid>
            <comments>https://www.etnews.com/20210729000082</comments>
            <pubDate>Thu, 29 Jul 2021 17:00:00 +0900</pubDate>
        </item>
        <item>
            <title><![CDATA[[포토]배소현, 버디가 필요해]]></title>
            <link>https://www.etnews.com/20210729000300</link>
            <description><![CDATA[[제주 서귀포=전자신문 손진현 기자] 2021 KLPGA 투어 열다섯 번째 대회이자 상반기 마지막 대회인 제주삼다수 마스터스(총상금 9억 원, 우승상금 1억 6,200만원)가 제주도 서귀포시에 위치한 우리들 골프&리조트(...]]></description>
            <author><![CDATA[손진현]]></author>
            <guid>20210729000300</guid>
            <comments>https://www.etnews.com/20210729000300</comments>
            <pubDate>Thu, 29 Jul 2021 16:58:00 +0900</pubDate>
        </item>
        <item>
            <title><![CDATA[[포토]김지영2-임희정-이가영, 제주 삼다수 1R 함께 해요]]></title>
            <link>https://www.etnews.com/20210729000299</link>
            <description><![CDATA[[제주 서귀포=전자신문 손진현 기자] 2021 KLPGA 투어 열다섯 번째 대회이자 상반기 마지막 대회인 제주삼다수 마스터스(총상금 9억 원, 우승상금 1억 6,200만원)가 제주도 서귀포시에 위치한 우리들 골프&리조트(...]]></description>
            <author><![CDATA[손진현]]></author>
            <guid>20210729000299</guid>
            <comments>https://www.etnews.com/20210729000299</comments>
            <pubDate>Thu, 29 Jul 2021 16:56:00 +0900</pubDate>
        </item>
        <item>
            <title><![CDATA[2분기 카드 승인액 전년比 9.9%↑…숙박·음식점업 '부진']]></title>
            <link>https://www.etnews.com/20210729000298</link>
            <description><![CDATA[코로나19로 위축됐던 소비심리가 회복되면서 올해 2분기 카드승인금액이 약 10% 늘어난 것으로 나타났다. 29일 여신금융협회 여신금융연구소가 발표한 2021년 2분기 카드승인실적에 따르면 올해 2분기 전체카드 승...]]></description>
            <author><![CDATA[박윤호]]></author>
            <guid>20210729000298</guid>
            <comments>https://www.etnews.com/20210729000298</comments>
            <pubDate>Thu, 29 Jul 2021 16:53:00 +0900</pubDate>
        </item>
    </channel>
</rss>
